Run,ReleaseDate,LoadDate,spots,bases,spots_with_mates,avgLength,size_MB,AssemblyName,download_path,Experiment,LibraryName,LibraryStrategy,LibrarySelection,LibrarySource,LibraryLayout,InsertSize,InsertDev,Platform,Model,SRAStudy,BioProject,Study_Pubmed_id,ProjectID,Sample,BioSample,TaxID,ScientificName,SampleName,g1k_pop_code,source,g1k_analysis_group,Subject_ID,Sex,Disease,Tumor,Affection_Status,Analyte_Type,Histological_Type,Body_Site,CenterName,Submission,dbgap_study_accession,Consent,RunHash,ReadHash
ERR044162,2011-11-09 20:12:47,2011-11-09 20:12:47,587799,89345448,587799,152,56,,ftp://ftp-trace.ncbi.nlm.nih.gov/sra/sra-instant/reads/ByRun/sra/ERR/ERR044/ERR044162/ERR044162.sra,ERX021270,1441101,WGS,RANDOM,GENOMIC,PAIRED,450,0,ILLUMINA,Illumina Genome Analyzer II,ERP000804,PRJEB2627,0,204186,ERS045994,SAMEA1032159,663951,Staphylococcus aureus subsp. aureus TW20,Staphylococcus aureus,,,,,,,no,,,,,SC,ERA047549,,public,5CB4148FB58899C4E6EAD62391E65933,767A7303F7D13CC0A1E53D50496BC8DC
ERR044166,2011-11-09 20:12:47,2011-11-09 20:12:47,654915,99547080,654915,152,63,,ftp://ftp-trace.ncbi.nlm.nih.gov/sra/sra-instant/reads/ByRun/sra/ERR/ERR044/ERR044166/ERR044166.sra,ERX021274,1441105,WGS,RANDOM,GENOMIC,PAIRED,450,0,ILLUMINA,Illumina Genome Analyzer II,ERP000804,PRJEB2627,0,204186,ERS045998,SAMEA1032119,663951,Staphylococcus aureus subsp. aureus TW20,Staphylococcus aureus,,,,,,,no,,,,,SC,ERA047549,,public,54DEFFFD8D807AE6269C0E269BF336F4,C1FDD7A6D47645AA82D143940636D99D
ERR044170,2011-11-09 20:12:48,2011-11-09 20:12:48,657748,99977696,657748,152,64,,ftp://ftp-trace.ncbi.nlm.nih.gov/sra/sra-instant/reads/ByRun/sra/ERR/ERR044/ERR044170/ERR044170.sra,ERX021278,1441113,WGS,RANDOM,GENOMIC,PAIRED,450,0,ILLUMINA,Illumina Genome Analyzer II,ERP000804,PRJEB2627,0,204186,ERS046002,SAMEA1032271,663951,Staphylococcus aureus subsp. aureus TW20,Staphylococcus aureus,,,,,,,no,,,,,SC,ERA047549,,public,7B5D9DA7F6BA373FD0BBEC1D933E6E6A,868172BE28907786CE3EFBD74EA04D61
ERR044174,2011-11-09 20:12:48,2011-11-09 20:12:48,911912,138610624,911912,152,90,,ftp://ftp-trace.ncbi.nlm.nih.gov/sra/sra-instant/reads/ByRun/sra/ERR/ERR044/ERR044174/ERR044174.sra,ERX021282,1441150,WGS,RANDOM,GENOMIC,PAIRED,450,0,ILLUMINA,Illumina Genome Analyzer II,ERP000804,PRJEB2627,0,204186,ERS046006,SAMEA1032322,663951,Staphylococcus aureus subsp. aureus TW20,Staphylococcus aureus,,,,,,,no,,,,,SC,ERA047549,,public,3DF94D9077EB42231E84282CAAEC8423,21A40B0A61AEE9E1C67C1E8035A8DD39
ERR044178,2011-11-09 20:12:49,2011-11-09 20:12:49,750740,114112480,750740,152,74,,ftp://ftp-trace.ncbi.nlm.nih.gov/sra/sra-instant/reads/ByRun/sra/ERR/ERR044/ERR044178/ERR044178.sra,ERX021286,1441154,WGS,RANDOM,GENOMIC,PAIRED,450,0,ILLUMINA,Illumina Genome Analyzer II,ERP000804,PRJEB2627,0,204186,ERS046010,SAMEA1032136,663951,Staphylococcus aureus subsp. aureus TW20,Staphylococcus aureus,,,,,,,no,,,,,SC,ERA047549,,public,B63D573C0860369460D77A85B7448820,903B1C54A6B5E221B3AA779F01637B5C
ERR044182,2011-11-09 20:12:49,2011-11-09 20:12:49,737498,112099696,737498,152,72,,ftp://ftp-trace.ncbi.nlm.nih.gov/sra/sra-instant/reads/ByRun/sra/ERR/ERR044/ERR044182/ERR044182.sra,ERX021290,1441158,WGS,RANDOM,GENOMIC,PAIRED,450,0,ILLUMINA,Illumina Genome Analyzer II,ERP000804,PRJEB2627,0,204186,ERS046014,SAMEA1032192,663951,Staphylococcus aureus subsp. aureus TW20,Staphylococcus aureus,,,,,,,no,,,,,SC,ERA047549,,public,5154D127514FFFEE6AE60BEB61C5F7FC,4FF816AE436F4E5F0597D3142AAC2446
ERR044186,2011-11-09 20:12:50,2011-11-09 20:12:50,1486356,225926112,1486356,152,145,,ftp://ftp-trace.ncbi.nlm.nih.gov/sra/sra-instant/reads/ByRun/sra/ERR/ERR044/ERR044186/ERR044186.sra,ERX021294,1441162,WGS,RANDOM,GENOMIC,PAIRED,450,0,ILLUMINA,Illumina Genome Analyzer II,ERP000804,PRJEB2627,0,204186,ERS046018,SAMEA1032234,663951,Staphylococcus aureus subsp. aureus TW20,Staphylococcus aureus,,,,,,,no,,,,,SC,ERA047549,,public,53AFA0C5F8C45584908485218B250D27,7C598DE25FF72997D1EB1F15C0D8E223
ERR044190,2011-11-09 20:12:50,2011-11-09 20:12:50,1054831,160334312,1054831,152,122,,ftp://ftp-trace.ncbi.nlm.nih.gov/sra/sra-instant/reads/ByRun/sra/ERR/ERR044/ERR044190/ERR044190.sra,ERX021298,1570626,WGS,RANDOM,GENOMIC,PAIRED,450,0,ILLUMINA,Illumina Genome Analyzer II,ERP000804,PRJEB2627,0,204186,ERS046022,SAMEA1032318,663951,Staphylococcus aureus subsp. aureus TW20,Staphylococcus aureus,,,,,,,no,,,,,SC,ERA047549,,public,D39B6F1C43E00CB42328338B7D76595C,C658D6485426CFD2039A6E006E813562
ERR044194,2011-11-09 20:12:51,2011-11-09 20:12:51,1128733,171567416,1128733,152,131,,ftp://ftp-trace.ncbi.nlm.nih.gov/sra/sra-instant/reads/ByRun/sra/ERR/ERR044/ERR044194/ERR044194.sra,ERX021302,1570630,WGS,RANDOM,GENOMIC,PAIRED,450,0,ILLUMINA,Illumina Genome Analyzer II,ERP000804,PRJEB2627,0,204186,ERS046026,SAMEA1032121,663951,Staphylococcus aureus subsp. aureus TW20,Staphylococcus aureus,,,,,,,no,,,,,SC,ERA047549,,public,52EA581B8FF93C8A0D6E7779E6E7C960,135A8D9B9CD075F77C4E5146696683DF
ERR044198,2011-11-09 20:12:51,2011-11-09 20:12:51,1140704,173387008,1140704,152,132,,ftp://ftp-trace.ncbi.nlm.nih.gov/sra/sra-instant/reads/ByRun/sra/ERR/ERR044/ERR044198/ERR044198.sra,ERX021306,1570634,WGS,RANDOM,GENOMIC,PAIRED,450,0,ILLUMINA,Illumina Genome Analyzer II,ERP000804,PRJEB2627,0,204186,ERS046030,SAMEA1032329,663951,Staphylococcus aureus subsp. aureus TW20,Staphylococcus aureus,,,,,,,no,,,,,SC,ERA047549,,public,8FCD1C37E618174453EC110D4C79DFE6,9B85E0D151DB2AE8E13FCF5D152E8997
ERR044202,2011-11-09 20:12:52,2011-11-09 20:12:52,772623,117438696,772623,152,89,,ftp://ftp-trace.ncbi.nlm.nih.gov/sra/sra-instant/reads/ByRun/sra/ERR/ERR044/ERR044202/ERR044202.sra,ERX021310,1570638,WGS,RANDOM,GENOMIC,PAIRED,450,0,ILLUMINA,Illumina Genome Analyzer II,ERP000804,PRJEB2627,0,204186,ERS046034,SAMEA1032131,663951,Staphylococcus aureus subsp. aureus TW20,Staphylococcus aureus,,,,,,,no,,,,,SC,ERA047549,,public,745BC0E261184DE352B4C4F01FD79B5B,55C8D48CFA47CA77E95A6B823D93AE76
ERR044206,2011-11-09 20:12:52,2011-11-09 20:12:52,789617,120021784,789617,152,87,,ftp://ftp-trace.ncbi.nlm.nih.gov/sra/sra-instant/reads/ByRun/sra/ERR/ERR044/ERR044206/ERR044206.sra,ERX021314,1570659,WGS,RANDOM,GENOMIC,PAIRED,450,0,ILLUMINA,Illumina Genome Analyzer II,ERP000804,PRJEB2627,0,204186,ERS046038,SAMEA1032182,663951,Staphylococcus aureus subsp. aureus TW20,Staphylococcus aureus,,,,,,,no,,,,,SC,ERA047549,,public,0AEB6570B30015F4302A819EF5E34B09,F5F3E4205D2E8EFCD43F165ACE739308
ERR044210,2011-11-09 20:12:53,2011-11-09 20:12:53,957705,145571160,957705,152,105,,ftp://ftp-trace.ncbi.nlm.nih.gov/sra/sra-instant/reads/ByRun/sra/ERR/ERR044/ERR044210/ERR044210.sra,ERX021318,1570663,WGS,RANDOM,GENOMIC,PAIRED,450,0,ILLUMINA,Illumina Genome Analyzer II,ERP000804,PRJEB2627,0,204186,ERS046042,SAMEA1032233,663951,Staphylococcus aureus subsp. aureus TW20,Staphylococcus aureus,,,,,,,no,,,,,SC,ERA047549,,public,C8AA81BF526AC5F858731F7F58704F71,A3F4A30FA9B439B7999DEEE7CA47F459
ERR044214,2011-11-09 20:12:53,2011-11-09 20:12:53,803739,122168328,803739,152,89,,ftp://ftp-trace.ncbi.nlm.nih.gov/sra/sra-instant/reads/ByRun/sra/ERR/ERR044/ERR044214/ERR044214.sra,ERX021322,1570667,WGS,RANDOM,GENOMIC,PAIRED,450,0,ILLUMINA,Illumina Genome Analyzer II,ERP000804,PRJEB2627,0,204186,ERS046046,SAMEA1032317,663951,Staphylococcus aureus subsp. aureus TW20,Staphylococcus aureus,,,,,,,no,,,,,SC,ERA047549,,public,0A36B9A09C5010A38405185B4C5B21AF,F35B7C8417752B4246F190271922FEBD
ERR044218,2011-11-09 20:12:54,2011-11-09 20:12:54,417019,63386888,417019,152,46,,ftp://ftp-trace.ncbi.nlm.nih.gov/sra/sra-instant/reads/ByRun/sra/ERR/ERR044/ERR044218/ERR044218.sra,ERX021326,1570671,WGS,RANDOM,GENOMIC,PAIRED,450,0,ILLUMINA,Illumina Genome Analyzer II,ERP000804,PRJEB2627,0,204186,ERS046050,SAMEA1032215,663951,Staphylococcus aureus subsp. aureus TW20,Staphylococcus aureus,,,,,,,no,,,,,SC,ERA047549,,public,9D6A16D0B35DAD56E6837C7FFF537E2A,F3A49C06E2C5F25A954CC6AD24395ED4
ERR044221,2011-11-09 20:12:54,2011-11-09 20:12:54,741133,112652216,741133,152,97,,ftp://ftp-trace.ncbi.nlm.nih.gov/sra/sra-instant/reads/ByRun/sra/ERR/ERR044/ERR044221/ERR044221.sra,ERX021329,1643874,WGS,RANDOM,GENOMIC,PAIRED,550,0,ILLUMINA,Illumina Genome Analyzer II,ERP000804,PRJEB2627,0,204186,ERS046054,SAMEA1032155,663951,Staphylococcus aureus subsp. aureus TW20,Staphylococcus aureus,,,,,,,no,,,,,SC,ERA047549,,public,34932B279A2EBF4496D3983E4C9291F6,E8CEDFF4E0D8C89B6BEE5ED0C490A3DE
ERR044226,2011-11-09 20:12:55,2011-11-09 20:12:55,825575,125487400,825575,152,108,,ftp://ftp-trace.ncbi.nlm.nih.gov/sra/sra-instant/reads/ByRun/sra/ERR/ERR044/ERR044226/ERR044226.sra,ERX021334,1643878,WGS,RANDOM,GENOMIC,PAIRED,550,0,ILLUMINA,Illumina Genome Analyzer II,ERP000804,PRJEB2627,0,204186,ERS046058,SAMEA1032275,663951,Staphylococcus aureus subsp. aureus TW20,Staphylococcus aureus,,,,,,,no,,,,,SC,ERA047549,,public,73D9F1CBA0ECA94D183C26C8608FDFAC,8C962D72D0B388B9C349AA28F0F81044
ERR044230,2011-11-09 20:12:56,2011-11-09 20:12:56,1386629,210767608,1386629,152,179,,ftp://ftp-trace.ncbi.nlm.nih.gov/sra/sra-instant/reads/ByRun/sra/ERR/ERR044/ERR044230/ERR044230.sra,ERX021338,1643882,WGS,RANDOM,GENOMIC,PAIRED,550,0,ILLUMINA,Illumina Genome Analyzer II,ERP000804,PRJEB2627,0,204186,ERS046062,SAMEA1032248,663951,Staphylococcus aureus subsp. aureus TW20,Staphylococcus aureus,,,,,,,no,,,,,SC,ERA047549,,public,02E520996426A315CC0C7A158C64E7E6,189BAE6EED8764248122E73D7E824FB9
ERR044234,2011-11-09 20:12:56,2011-11-09 20:12:56,2261747,343785544,2261747,152,282,,ftp://ftp-trace.ncbi.nlm.nih.gov/sra/sra-instant/reads/ByRun/sra/ERR/ERR044/ERR044234/ERR044234.sra,ERX021342,1643886,WGS,RANDOM,GENOMIC,PAIRED,550,0,ILLUMINA,Illumina Genome Analyzer II,ERP000804,PRJEB2627,0,204186,ERS046066,SAMEA1032181,663951,Staphylococcus aureus subsp. aureus TW20,Staphylococcus aureus,,,,,,,no,,,,,SC,ERA047549,,public,03A5C468A7826A5E926D8FC8B9C97058,8A14A866C9C5288208F0EC87F6E1A57D
ERR044238,2011-11-09 20:12:57,2011-11-09 20:12:57,502653,76403256,502653,152,54,,ftp://ftp-trace.ncbi.nlm.nih.gov/sra/sra-instant/reads/ByRun/sra/ERR/ERR044/ERR044238/ERR044238.sra,ERX021346,1728628,WGS,RANDOM,GENOMIC,PAIRED,450,0,ILLUMINA,Illumina Genome Analyzer II,ERP000804,PRJEB2627,0,204186,ERS046070,SAMEA1032125,663951,Staphylococcus aureus subsp. aureus TW20,Staphylococcus aureus,,,,,,,no,,,,,SC,ERA047549,,public,CC5B84BCCFED7DD7115958AECEB520AE,0B92CEF80B2189D490EABEBC122733AA
ERR044242,2011-11-09 20:12:57,2011-11-09 20:12:57,5046446,767059792,5046446,152,558,,ftp://ftp-trace.ncbi.nlm.nih.gov/sra/sra-instant/reads/ByRun/sra/ERR/ERR044/ERR044242/ERR044242.sra,ERX021350,1728632,WGS,RANDOM,GENOMIC,PAIRED,450,0,ILLUMINA,Illumina Genome Analyzer II,ERP000804,PRJEB2627,0,204186,ERS046074,SAMEA1032279,663951,Staphylococcus aureus subsp. aureus TW20,Staphylococcus aureus,,,,,,,no,,,,,SC,ERA047549,,public,4C02A32A71B2A7E9E8FAA9FC814EF3A6,0B6574C3B35FFC9C6FFCD91B86E084A1
ERR044246,2011-11-09 20:12:58,2011-11-09 20:12:58,544468,82759136,544468,152,61,,ftp://ftp-trace.ncbi.nlm.nih.gov/sra/sra-instant/reads/ByRun/sra/ERR/ERR044/ERR044246/ERR044246.sra,ERX021354,1728636,WGS,RANDOM,GENOMIC,PAIRED,450,0,ILLUMINA,Illumina Genome Analyzer II,ERP000804,PRJEB2627,0,204186,ERS046078,SAMEA1032263,663951,Staphylococcus aureus subsp. aureus TW20,Staphylococcus aureus,,,,,,,no,,,,,SC,ERA047549,,public,6689F8461FF4966D1F3EDD69BB1DDE33,4350B593F96D1F3FF3EA32B9948DFB14
ERR044249,2011-11-09 20:12:58,2011-11-09 20:12:58,573792,87216384,573792,152,58,,ftp://ftp-trace.ncbi.nlm.nih.gov/sra/sra-instant/reads/ByRun/sra/ERR/ERR044/ERR044249/ERR044249.sra,ERX021357,1728661,WGS,RANDOM,GENOMIC,PAIRED,450,0,ILLUMINA,Illumina Genome Analyzer II,ERP000804,PRJEB2627,0,204186,ERS046082,SAMEA1032252,663951,Staphylococcus aureus subsp. aureus TW20,Staphylococcus aureus,,,,,,,no,,,,,SC,ERA047549,,public,AA9DE9182A158C780276229CDD39E2FA,FC5F60C2AC538E0B27E47E113394375C
ERR044253,2011-11-09 20:12:59,2011-11-09 20:12:59,472445,71811640,472445,152,50,,ftp://ftp-trace.ncbi.nlm.nih.gov/sra/sra-instant/reads/ByRun/sra/ERR/ERR044/ERR044253/ERR044253.sra,ERX021361,1728698,WGS,RANDOM,GENOMIC,PAIRED,450,0,ILLUMINA,Illumina Genome Analyzer II,ERP000804,PRJEB2627,0,204186,ERS046085,SAMEA1032278,663951,Staphylococcus aureus subsp. aureus TW20,Staphylococcus aureus,,,,,,,no,,,,,SC,ERA047549,,public,2810835CD513A30F4FE32F51D26A7FF6,BC262447D727FBBBCB65CDD071F5139B
ERR044256,2011-11-09 20:12:59,2011-11-09 20:12:59,1645914,250178928,1645914,152,184,,ftp://ftp-trace.ncbi.nlm.nih.gov/sra/sra-instant/reads/ByRun/sra/ERR/ERR044/ERR044256/ERR044256.sra,ERX021364,1728760,WGS,RANDOM,GENOMIC,PAIRED,450,0,ILLUMINA,Illumina Genome Analyzer II,ERP000804,PRJEB2627,0,204186,ERS046088,SAMEA1032126,663951,Staphylococcus aureus subsp. aureus TW20,Staphylococcus aureus,,,,,,,no,,,,,SC,ERA047549,,public,96DF6FA67A14ADA32517A734DD918E59,EDCFBDAC9C8DCB41DADD3435D2C8E4A8
ERR044260,2011-11-09 20:13:00,2011-11-09 20:13:00,1572298,238989296,1572298,152,173,,ftp://ftp-trace.ncbi.nlm.nih.gov/sra/sra-instant/reads/ByRun/sra/ERR/ERR044/ERR044260/ERR044260.sra,ERX021368,1728764,WGS,RANDOM,GENOMIC,PAIRED,450,0,ILLUMINA,Illumina Genome Analyzer II,ERP000804,PRJEB2627,0,204186,ERS046092,SAMEA1032203,663951,Staphylococcus aureus subsp. aureus TW20,Staphylococcus aureus,,,,,,,no,,,,,SC,ERA047549,,public,CB5B41AA036607E92C2A6121AB9B6C3F,FDBF1F46A71CA3E02A0CE6B47B48FB2A
ERR043367,2011-11-09 20:12:45,2011-11-09 20:12:45,3604448,547876096,3604448,152,482,,ftp://ftp-trace.ncbi.nlm.nih.gov/sra/sra-instant/reads/ByRun/sra/ERR/ERR043/ERR043367/ERR043367.sra,ERX020498,2103293,WGS,RANDOM,GENOMIC,PAIRED,450,0,ILLUMINA,Illumina Genome Analyzer II,ERP000804,PRJEB2627,0,204186,ERS046112,SAMEA1032254,663951,Staphylococcus aureus subsp. aureus TW20,Staphylococcus aureus,,,,,,,no,,,,,SC,ERA046552,,public,699DF45B87B09CC841DCF53162D78A13,221F9FA1DB3F5D50E0FEAB139B7EA7C5
ERR043371,2011-11-09 20:12:45,2011-11-09 20:12:45,1285719,195429288,1285719,152,170,,ftp://ftp-trace.ncbi.nlm.nih.gov/sra/sra-instant/reads/ByRun/sra/ERR/ERR043/ERR043371/ERR043371.sra,ERX020502,2103297,WGS,RANDOM,GENOMIC,PAIRED,450,0,ILLUMINA,Illumina Genome Analyzer II,ERP000804,PRJEB2627,0,204186,ERS046116,SAMEA1032199,663951,Staphylococcus aureus subsp. aureus TW20,Staphylococcus aureus,,,,,,,no,,,,,SC,ERA046552,,public,23DA9B8E4885652455B83FF7FF9FB17D,8FB68BCE611117239132B0F94C9D0797
ERR043375,2011-11-09 20:12:46,2011-11-09 20:12:46,755731,114871112,755731,152,100,,ftp://ftp-trace.ncbi.nlm.nih.gov/sra/sra-instant/reads/ByRun/sra/ERR/ERR043/ERR043375/ERR043375.sra,ERX020506,2103301,WGS,RANDOM,GENOMIC,PAIRED,450,0,ILLUMINA,Illumina Genome Analyzer II,ERP000804,PRJEB2627,0,204186,ERS046120,SAMEA1032152,663951,Staphylococcus aureus subsp. aureus TW20,Staphylococcus aureus,,,,,,,no,,,,,SC,ERA046552,,public,053C4BB324F0D33326CCB9ED490DBECA,BE5108D7543505EF2F21C15ADF4563A3
ERR043379,2011-11-09 20:12:46,2011-11-09 20:12:46,1987160,302048320,1987160,152,264,,ftp://ftp-trace.ncbi.nlm.nih.gov/sra/sra-instant/reads/ByRun/sra/ERR/ERR043/ERR043379/ERR043379.sra,ERX020510,2103305,WGS,RANDOM,GENOMIC,PAIRED,450,0,ILLUMINA,Illumina Genome Analyzer II,ERP000804,PRJEB2627,0,204186,ERS046124,SAMEA1032284,663951,Staphylococcus aureus subsp. aureus TW20,Staphylococcus aureus,,,,,,,no,,,,,SC,ERA046552,,public,6BDE76CE5B328B283317F1E80527DDE6,9F53D60F4904E36A53AA99B051BF566D
ERR045447,2011-11-09 20:13:01,2011-11-09 20:13:01,796615,121085480,796615,152,78,,ftp://ftp-trace.ncbi.nlm.nih.gov/sra/sra-instant/reads/ByRun/sra/ERR/ERR045/ERR045447/ERR045447.sra,ERX022509,1441121,WGS,RANDOM,GENOMIC,PAIRED,450,0,ILLUMINA,Illumina Genome Analyzer II,ERP000804,PRJEB2627,0,204186,ERS053509,SAMEA1032291,663951,Staphylococcus aureus subsp. aureus TW20,Staphylococcus aureus,,,,,,,no,,,,,SC,ERA050695,,public,45DF31135044A0EBD747BE7F9496E859,2F3723401EC66E7C1D20C6C6B05C1D4A
ERR045463,2011-11-09 20:13:03,2011-11-09 20:13:03,897665,136445080,897665,152,86,,ftp://ftp-trace.ncbi.nlm.nih.gov/sra/sra-instant/reads/ByRun/sra/ERR/ERR045/ERR045463/ERR045463.sra,ERX022525,1728673,WGS,RANDOM,GENOMIC,PAIRED,450,0,ILLUMINA,Illumina Genome Analyzer II,ERP000804,PRJEB2627,0,204186,ERS053512,SAMEA1032227,663951,Staphylococcus aureus subsp. aureus TW20,Staphylococcus aureus,,,,,,,no,,,,,SC,ERA050695,,public,BF13B4EF93E411944CAA64FBD51DB358,6700C3738EF8F6C85041E2965B730F13
ERR045439,2011-11-09 20:13:00,2011-11-09 20:13:00,807843,122792136,807843,152,78,,ftp://ftp-trace.ncbi.nlm.nih.gov/sra/sra-instant/reads/ByRun/sra/ERR/ERR045/ERR045439/ERR045439.sra,ERX022501,1441109,WGS,RANDOM,GENOMIC,PAIRED,450,0,ILLUMINA,Illumina Genome Analyzer II,ERP000804,PRJEB2627,0,204186,ERS053518,SAMEA1032180,663951,Staphylococcus aureus subsp. aureus TW20,Staphylococcus aureus,,,,,,,no,,,,,SC,ERA050695,,public,20EA8E1FF43A3C998EAF7A7D647E3E87,8C894D5DE3144A23E7087E923945BC99
ERR045443,2011-11-09 20:13:01,2011-11-09 20:13:01,851925,129492600,851925,152,83,,ftp://ftp-trace.ncbi.nlm.nih.gov/sra/sra-instant/reads/ByRun/sra/ERR/ERR045/ERR045443/ERR045443.sra,ERX022505,1441117,WGS,RANDOM,GENOMIC,PAIRED,450,0,ILLUMINA,Illumina Genome Analyzer II,ERP000804,PRJEB2627,0,204186,ERS053520,SAMEA1032289,663951,Staphylococcus aureus subsp. aureus TW20,Staphylococcus aureus,,,,,,,no,,,,,SC,ERA050695,,public,BBDA0E3E0835E781E356B7A47C039622,5225C0ADF03509A07C67811E1EEB0444
ERR045455,2011-11-09 20:13:02,2011-11-09 20:13:02,372101,56559352,372101,152,37,,ftp://ftp-trace.ncbi.nlm.nih.gov/sra/sra-instant/reads/ByRun/sra/ERR/ERR045/ERR045455/ERR045455.sra,ERX022517,1728665,WGS,RANDOM,GENOMIC,PAIRED,450,0,ILLUMINA,Illumina Genome Analyzer II,ERP000804,PRJEB2627,0,204186,ERS053526,SAMEA1032209,663951,Staphylococcus aureus subsp. aureus TW20,Staphylococcus aureus,,,,,,,no,,,,,SC,ERA050695,,public,543A10638365E131018674A8AC441488,9343D73EFC3894DFDF2D5A477C20BED7
ERR045459,2011-11-09 20:13:03,2011-11-09 20:13:03,729303,110854056,729303,152,70,,ftp://ftp-trace.ncbi.nlm.nih.gov/sra/sra-instant/reads/ByRun/sra/ERR/ERR045/ERR045459/ERR045459.sra,ERX022521,1728669,WGS,RANDOM,GENOMIC,PAIRED,450,0,ILLUMINA,Illumina Genome Analyzer II,ERP000804,PRJEB2627,0,204186,ERS053528,SAMEA1032191,663951,Staphylococcus aureus subsp. aureus TW20,Staphylococcus aureus,,,,,,,no,,,,,SC,ERA050695,,public,86952BAE22AF08DE855D23948F965377,A96E828F58E86147E35351275B0388B5
ERR045465,2011-11-09 20:13:04,2011-11-09 20:13:04,387098,58838896,387098,152,41,,ftp://ftp-trace.ncbi.nlm.nih.gov/sra/sra-instant/reads/ByRun/sra/ERR/ERR045/ERR045465/ERR045465.sra,ERX022527,1728694,WGS,RANDOM,GENOMIC,PAIRED,450,0,ILLUMINA,Illumina Genome Analyzer II,ERP000804,PRJEB2627,0,204186,ERS053532,SAMEA1032256,663951,Staphylococcus aureus subsp. aureus TW20,Staphylococcus aureus,,,,,,,no,,,,,SC,ERA050695,,public,FE46A17AA7A6991D3A328397C743A098,6322FDD5FFE7D01A3C5393405F0F9391
ERR045477,2011-11-09 20:13:05,2011-11-09 20:13:05,376140,57173280,376140,152,40,,ftp://ftp-trace.ncbi.nlm.nih.gov/sra/sra-instant/reads/ByRun/sra/ERR/ERR045/ERR045477/ERR045477.sra,ERX022539,1728706,WGS,RANDOM,GENOMIC,PAIRED,450,0,ILLUMINA,Illumina Genome Analyzer II,ERP000804,PRJEB2627,0,204186,ERS053538,SAMEA1032327,663951,Staphylococcus aureus subsp. aureus TW20,Staphylococcus aureus,,,,,,,no,,,,,SC,ERA050695,,public,F9B21900AA2B38EAE60754742392CC2F,E469E9DAD4064D051ED7D95162EB9680
ERR045451,2011-11-09 20:13:01,2011-11-09 20:13:01,5973794,908016688,5973794,152,664,,ftp://ftp-trace.ncbi.nlm.nih.gov/sra/sra-instant/reads/ByRun/sra/ERR/ERR045/ERR045451/ERR045451.sra,ERX022513,1728640,WGS,RANDOM,GENOMIC,PAIRED,450,0,ILLUMINA,Illumina Genome Analyzer II,ERP000804,PRJEB2627,0,204186,ERS053550,SAMEA1032258,663951,Staphylococcus aureus subsp. aureus TW20,Staphylococcus aureus,,,,,,,no,,,,,SC,ERA050695,,public,277A8174F299331C826AB03836A70F0B,2BFECD090970644D70AFE9354114207F
ERR045473,2011-11-09 20:13:05,2011-11-09 20:13:05,537953,81768856,537953,152,57,,ftp://ftp-trace.ncbi.nlm.nih.gov/sra/sra-instant/reads/ByRun/sra/ERR/ERR045/ERR045473/ERR045473.sra,ERX022535,1728702,WGS,RANDOM,GENOMIC,PAIRED,450,0,ILLUMINA,Illumina Genome Analyzer II,ERP000804,PRJEB2627,0,204186,ERS053555,SAMEA1032183,663951,Staphylococcus aureus subsp. aureus TW20,Staphylococcus aureus,,,,,,,no,,,,,SC,ERA050695,,public,602E85CB5A99A325AE411A575B5D8733,D689663A7AFD9DABB45268149B831B8F
ERR142613,2012-08-28 23:10:51,2012-08-28 23:10:51,1470129,441038700,1470129,300,307,,ftp://ftp-trace.ncbi.nlm.nih.gov/sra/sra-instant/reads/ByRun/sra/ERR/ERR142/ERR142613/ERR142613.sra,ERX118617,TW20_MsvHS,WGS,RANDOM,GENOMIC,PAIRED,450,0,ILLUMINA,Illumina MiSeq,ERP001163,PRJEB2848,0,204573,ERS088717,SAMEA1485530,663951,Staphylococcus aureus subsp. aureus TW20,Staphylococcus aureus,,,,,,,no,,,,,SC,ERA139893,,public,6CD1FD76F461E93EDC04E3CFB2F7E5CC,DA5220211481F98C359A29DF3FAA118D
ERR142616,2012-08-28 23:10:51,2012-08-28 23:10:51,23141606,3471240900,23141606,150,2722,,ftp://ftp-trace.ncbi.nlm.nih.gov/sra/sra-instant/reads/ByRun/sra/ERR/ERR142/ERR142616/ERR142616.sra,ERX118620,TW20_MsvHS,WGS,RANDOM,GENOMIC,PAIRED,450,0,ILLUMINA,Illumina HiSeq 2000,ERP001163,PRJEB2848,0,204573,ERS088717,SAMEA1485530,663951,Staphylococcus aureus subsp. aureus TW20,Staphylococcus aureus,,,,,,,no,,,,,SC,ERA139893,,public,A641D76DA9AF82E5F5BD41EC0E83B8F8,72C71339501ED615F1BAFF0DA4BE34AE
ERR142619,2012-08-28 23:10:51,2012-08-28 23:10:51,1006808,304056016,1006808,302,219,,ftp://ftp-trace.ncbi.nlm.nih.gov/sra/sra-instant/reads/ByRun/sra/ERR/ERR142/ERR142619/ERR142619.sra,ERX118623,Nextera5_TW20,WGS,RANDOM,GENOMIC,PAIRED,300,0,ILLUMINA,Illumina MiSeq,ERP001163,PRJEB2848,0,204573,ERS088717,SAMEA1485530,663951,Staphylococcus aureus subsp. aureus TW20,Staphylococcus aureus,,,,,,,no,,,,,SC,ERA139893,,public,567612E6652D0A397D86FAEF9933AF35,26ACBB4574F00E9CC371FFD6730EE80D
ERR142622,2012-08-28 23:10:52,2012-08-28 23:10:52,1812620,547411240,1812620,302,371,,ftp://ftp-trace.ncbi.nlm.nih.gov/sra/sra-instant/reads/ByRun/sra/ERR/ERR142/ERR142622/ERR142622.sra,ERX118626,TW20_Ms_ka,WGS,RANDOM,GENOMIC,PAIRED,450,0,ILLUMINA,Illumina MiSeq,ERP001163,PRJEB2848,0,204573,ERS088717,SAMEA1485530,663951,Staphylococcus aureus subsp. aureus TW20,Staphylococcus aureus,,,,,,,no,,,,,SC,ERA139893,,public,A0D337C8B8F12D11895C234C63FB385A,275D55EF27DA681BB79F801ACEF20BD5
ERR159963,2012-08-28 23:12:01,2012-08-28 23:12:01,81741,235860216,0,2885,980,,ftp://ftp-trace.ncbi.nlm.nih.gov/sra/sra-instant/reads/ByRun/sra/ERR/ERR159/ERR159963/ERR159963.sra,ERX135907,100081922553400000315004905221121,WGS,RANDOM,GENOMIC,SINGLE,0,0,PACBIO_SMRT,PacBio RS,ERP001163,PRJEB2848,0,204573,ERS088717,SAMEA1485530,663951,Staphylococcus aureus subsp. aureus TW20,Staphylococcus aureus,,,,,,,no,,,,,SC,ERA148122,,public,6AE4F78579A91A13C27EC80ECB2D0F93,F4E0F426C748FEBC8DC5C20BA321CE46
ERR159964,2012-08-28 23:12:01,2012-08-28 23:12:01,81741,164674657,0,2014,703,,ftp://ftp-trace.ncbi.nlm.nih.gov/sra/sra-instant/reads/ByRun/sra/ERR/ERR159/ERR159964/ERR159964.sra,ERX135907,100081922553400000315004905221121,WGS,RANDOM,GENOMIC,SINGLE,0,0,PACBIO_SMRT,PacBio RS,ERP001163,PRJEB2848,0,204573,ERS088717,SAMEA1485530,663951,Staphylococcus aureus subsp. aureus TW20,Staphylococcus aureus,,,,,,,no,,,,,SC,ERA148122,,public,E20074887B2A90C892ACB1561F159DD8,58001A6429B5D2F79818730703F5803F
ERR159965,2012-08-28 23:12:01,2012-08-28 23:12:01,81741,259146065,0,3170,1081,,ftp://ftp-trace.ncbi.nlm.nih.gov/sra/sra-instant/reads/ByRun/sra/ERR/ERR159/ERR159965/ERR159965.sra,ERX135908,100081922553400000315004905221122,WGS,RANDOM,GENOMIC,SINGLE,0,0,PACBIO_SMRT,PacBio RS,ERP001163,PRJEB2848,0,204573,ERS088717,SAMEA1485530,663951,Staphylococcus aureus subsp. aureus TW20,Staphylococcus aureus,,,,,,,no,,,,,SC,ERA148122,,public,4B05D9699047ACDBE1EA0D8C3FD9D48A,B9B3FA86163CCD8E22E6290A64D0641C
ERR159966,2012-08-28 23:12:01,2012-08-28 23:12:01,81741,177946079,0,2176,763,,ftp://ftp-trace.ncbi.nlm.nih.gov/sra/sra-instant/reads/ByRun/sra/ERR/ERR159/ERR159966/ERR159966.sra,ERX135908,100081922553400000315004905221122,WGS,RANDOM,GENOMIC,SINGLE,0,0,PACBIO_SMRT,PacBio RS,ERP001163,PRJEB2848,0,204573,ERS088717,SAMEA1485530,663951,Staphylococcus aureus subsp. aureus TW20,Staphylococcus aureus,,,,,,,no,,,,,SC,ERA148122,,public,C1BFFFE456AC6552C59E68BEC484EDC1,A7532B06FFF5CA5787B690AB9C592CC4
ERR159971,2012-08-28 23:12:02,2012-08-28 23:12:02,81741,204572609,0,2502,862,,ftp://ftp-trace.ncbi.nlm.nih.gov/sra/sra-instant/reads/ByRun/sra/ERR/ERR159/ERR159971/ERR159971.sra,ERX135911,100082812555500000315005305271123,WGS,RANDOM,GENOMIC,SINGLE,0,0,PACBIO_SMRT,PacBio RS,ERP001163,PRJEB2848,0,204573,ERS088717,SAMEA1485530,663951,Staphylococcus aureus subsp. aureus TW20,Staphylococcus aureus,,,,,,,no,,,,,SC,ERA148122,,public,BFAE96095F6902CDF226F9092606AE6D,37557638C334492301200BA2D06B6D41
ERR159972,2012-08-28 23:12:02,2012-08-28 23:12:02,81741,117705012,0,1439,514,,ftp://ftp-trace.ncbi.nlm.nih.gov/sra/sra-instant/reads/ByRun/sra/ERR/ERR159/ERR159972/ERR159972.sra,ERX135911,100082812555500000315005305271123,WGS,RANDOM,GENOMIC,SINGLE,0,0,PACBIO_SMRT,PacBio RS,ERP001163,PRJEB2848,0,204573,ERS088717,SAMEA1485530,663951,Staphylococcus aureus subsp. aureus TW20,Staphylococcus aureus,,,,,,,no,,,,,SC,ERA148122,,public,8A2329A633C1D0FD7592A5347B65F36A,B68C59086CB681806FF7CBE605519B78
ERR159973,2012-08-28 23:12:02,2012-08-28 23:12:02,81741,224131039,0,2741,947,,ftp://ftp-trace.ncbi.nlm.nih.gov/sra/sra-instant/reads/ByRun/sra/ERR/ERR159/ERR159973/ERR159973.sra,ERX135912,100082812555500000315005305271124,WGS,RANDOM,GENOMIC,SINGLE,0,0,PACBIO_SMRT,PacBio RS,ERP001163,PRJEB2848,0,204573,ERS088717,SAMEA1485530,663951,Staphylococcus aureus subsp. aureus TW20,Staphylococcus aureus,,,,,,,no,,,,,SC,ERA148122,,public,34EDF483284CBD190AD89B5FAC4DB97B,35BAB66A036F714D6B5090D8D965D37D
ERR159974,2012-08-28 23:12:02,2012-08-28 23:12:02,81741,126159044,0,1543,552,,ftp://ftp-trace.ncbi.nlm.nih.gov/sra/sra-instant/reads/ByRun/sra/ERR/ERR159/ERR159974/ERR159974.sra,ERX135912,100082812555500000315005305271124,WGS,RANDOM,GENOMIC,SINGLE,0,0,PACBIO_SMRT,PacBio RS,ERP001163,PRJEB2848,0,204573,ERS088717,SAMEA1485530,663951,Staphylococcus aureus subsp. aureus TW20,Staphylococcus aureus,,,,,,,no,,,,,SC,ERA148122,,public,E4E180CCFC59BDB8AC13F049BC62225F,A136AF7BA2C8C7001E552A0E998E398C
ERR159975,2012-08-28 23:12:02,2012-08-28 23:12:02,81741,299526516,0,3664,1234,,ftp://ftp-trace.ncbi.nlm.nih.gov/sra/sra-instant/reads/ByRun/sra/ERR/ERR159/ERR159975/ERR159975.sra,ERX135913,100082812555500000315005305271127,WGS,RANDOM,GENOMIC,SINGLE,0,0,PACBIO_SMRT,PacBio RS,ERP001163,PRJEB2848,0,204573,ERS088717,SAMEA1485530,663951,Staphylococcus aureus subsp. aureus TW20,Staphylococcus aureus,,,,,,,no,,,,,SC,ERA148122,,public,3CBA671A7931C0D212096EF018EAD26E,E42A7C3E5F4CC03275759DF557852182
ERR159976,2012-08-28 23:12:02,2012-08-28 23:12:02,81741,200902224,0,2457,855,,ftp://ftp-trace.ncbi.nlm.nih.gov/sra/sra-instant/reads/ByRun/sra/ERR/ERR159/ERR159976/ERR159976.sra,ERX135913,100082812555500000315005305271127,WGS,RANDOM,GENOMIC,SINGLE,0,0,PACBIO_SMRT,PacBio RS,ERP001163,PRJEB2848,0,204573,ERS088717,SAMEA1485530,663951,Staphylococcus aureus subsp. aureus TW20,Staphylococcus aureus,,,,,,,no,,,,,SC,ERA148122,,public,B9428C57A24CBB9A1D1BBB6414E706EC,20B9D0BE14367DFDD479B8084515C209
ERR159977,2012-08-28 23:12:02,2012-08-28 23:12:02,81741,250140208,0,3060,1050,,ftp://ftp-trace.ncbi.nlm.nih.gov/sra/sra-instant/reads/ByRun/sra/ERR/ERR159/ERR159977/ERR159977.sra,ERX135914,100082482555500000315005305271170,WGS,RANDOM,GENOMIC,SINGLE,0,0,PACBIO_SMRT,PacBio RS,ERP001163,PRJEB2848,0,204573,ERS088717,SAMEA1485530,663951,Staphylococcus aureus subsp. aureus TW20,Staphylococcus aureus,,,,,,,no,,,,,SC,ERA148122,,public,CBF7D5816AB17D4CC8847902C04C74D1,6DBAE10098C2E4A118C4865FB2C8F568
ERR159978,2012-08-28 23:12:02,2012-08-28 23:12:02,81741,167662851,0,2051,724,,ftp://ftp-trace.ncbi.nlm.nih.gov/sra/sra-instant/reads/ByRun/sra/ERR/ERR159/ERR159978/ERR159978.sra,ERX135914,100082482555500000315005305271170,WGS,RANDOM,GENOMIC,SINGLE,0,0,PACBIO_SMRT,PacBio RS,ERP001163,PRJEB2848,0,204573,ERS088717,SAMEA1485530,663951,Staphylococcus aureus subsp. aureus TW20,Staphylococcus aureus,,,,,,,no,,,,,SC,ERA148122,,public,8C3FCA31940DBF79189228B34C48C884,86C135798F419D64C2B7F1B2011DF5E9
ERR159979,2012-08-28 23:12:02,2012-08-28 23:12:02,81741,252756412,0,3092,1055,,ftp://ftp-trace.ncbi.nlm.nih.gov/sra/sra-instant/reads/ByRun/sra/ERR/ERR159/ERR159979/ERR159979.sra,ERX135915,100082482555500000315005305271172,WGS,RANDOM,GENOMIC,SINGLE,0,0,PACBIO_SMRT,PacBio RS,ERP001163,PRJEB2848,0,204573,ERS088717,SAMEA1485530,663951,Staphylococcus aureus subsp. aureus TW20,Staphylococcus aureus,,,,,,,no,,,,,SC,ERA148122,,public,0D031B58797932CAC7FB885140901029,9C9D53E9341B6B63AED553238F5583BE
ERR159980,2012-08-28 23:12:02,2012-08-28 23:12:02,81741,167941940,0,2054,723,,ftp://ftp-trace.ncbi.nlm.nih.gov/sra/sra-instant/reads/ByRun/sra/ERR/ERR159/ERR159980/ERR159980.sra,ERX135915,100082482555500000315005305271172,WGS,RANDOM,GENOMIC,SINGLE,0,0,PACBIO_SMRT,PacBio RS,ERP001163,PRJEB2848,0,204573,ERS088717,SAMEA1485530,663951,Staphylococcus aureus subsp. aureus TW20,Staphylococcus aureus,,,,,,,no,,,,,SC,ERA148122,,public,96C3EC7942A31FED1538708927A41D0C,C097E417C8CD4334DF191180A5583BFF
ERR159981,2012-08-28 23:12:03,2012-08-28 23:12:03,81741,231881276,0,2836,971,,ftp://ftp-trace.ncbi.nlm.nih.gov/sra/sra-instant/reads/ByRun/sra/ERR/ERR159/ERR159981/ERR159981.sra,ERX135916,100082482555500000315005305271173,WGS,RANDOM,GENOMIC,SINGLE,0,0,PACBIO_SMRT,PacBio RS,ERP001163,PRJEB2848,0,204573,ERS088717,SAMEA1485530,663951,Staphylococcus aureus subsp. aureus TW20,Staphylococcus aureus,,,,,,,no,,,,,SC,ERA148122,,public,F84217B180DB4895108475B3398DAFE6,3945B8260C11E25933F38C63D69D8530
ERR159982,2012-08-28 23:12:03,2012-08-28 23:12:03,81741,162215944,0,1984,699,,ftp://ftp-trace.ncbi.nlm.nih.gov/sra/sra-instant/reads/ByRun/sra/ERR/ERR159/ERR159982/ERR159982.sra,ERX135916,100082482555500000315005305271173,WGS,RANDOM,GENOMIC,SINGLE,0,0,PACBIO_SMRT,PacBio RS,ERP001163,PRJEB2848,0,204573,ERS088717,SAMEA1485530,663951,Staphylococcus aureus subsp. aureus TW20,Staphylococcus aureus,,,,,,,no,,,,,SC,ERA148122,,public,B81F65E3853A248EF99F38E9CBD38648,9F5197368A60375B0A979031F725192B
ERR159985,2012-08-28 23:12:03,2012-08-28 23:12:03,81741,281391867,0,3442,1170,,ftp://ftp-trace.ncbi.nlm.nih.gov/sra/sra-instant/reads/ByRun/sra/ERR/ERR159/ERR159985/ERR159985.sra,ERX135918,100083042555500000315005305271120,WGS,RANDOM,GENOMIC,SINGLE,0,0,PACBIO_SMRT,PacBio RS,ERP001163,PRJEB2848,0,204573,ERS088717,SAMEA1485530,663951,Staphylococcus aureus subsp. aureus TW20,Staphylococcus aureus,,,,,,,no,,,,,SC,ERA148122,,public,418C4DF19CC1AB7A57BFADA161DC1B61,59B662BB647A699E3F126E0916C79DD9
ERR159986,2012-08-28 23:12:03,2012-08-28 23:12:03,81741,200409168,0,2451,856,,ftp://ftp-trace.ncbi.nlm.nih.gov/sra/sra-instant/reads/ByRun/sra/ERR/ERR159/ERR159986/ERR159986.sra,ERX135918,100083042555500000315005305271120,WGS,RANDOM,GENOMIC,SINGLE,0,0,PACBIO_SMRT,PacBio RS,ERP001163,PRJEB2848,0,204573,ERS088717,SAMEA1485530,663951,Staphylococcus aureus subsp. aureus TW20,Staphylococcus aureus,,,,,,,no,,,,,SC,ERA148122,,public,8B7432995768367E5ED82EA59009B9D8,ADC3493ED85150095B2861DC2A5E6809
ERR159987,2012-08-28 23:12:03,2012-08-28 23:12:03,81741,228975791,0,2801,951,,ftp://ftp-trace.ncbi.nlm.nih.gov/sra/sra-instant/reads/ByRun/sra/ERR/ERR159/ERR159987/ERR159987.sra,ERX135919,100083042555500000315005305271121,WGS,RANDOM,GENOMIC,SINGLE,0,0,PACBIO_SMRT,PacBio RS,ERP001163,PRJEB2848,0,204573,ERS088717,SAMEA1485530,663951,Staphylococcus aureus subsp. aureus TW20,Staphylococcus aureus,,,,,,,no,,,,,SC,ERA148122,,public,2A6B1BC97EBA3565B9CB190727B5D3F4,3F54DC546FC0C235B11323DF8ED97845
ERR159988,2012-08-28 23:12:03,2012-08-28 23:12:03,81741,150775283,0,1844,646,,ftp://ftp-trace.ncbi.nlm.nih.gov/sra/sra-instant/reads/ByRun/sra/ERR/ERR159/ERR159988/ERR159988.sra,ERX135919,100083042555500000315005305271121,WGS,RANDOM,GENOMIC,SINGLE,0,0,PACBIO_SMRT,PacBio RS,ERP001163,PRJEB2848,0,204573,ERS088717,SAMEA1485530,663951,Staphylococcus aureus subsp. aureus TW20,Staphylococcus aureus,,,,,,,no,,,,,SC,ERA148122,,public,E2ADBBD8C9C86149805F7C048A5558E2,4AB4103BED527266F0AFD70F63803280
ERR159989,2012-08-28 23:12:03,2012-08-28 23:12:03,81741,226418088,0,2769,954,,ftp://ftp-trace.ncbi.nlm.nih.gov/sra/sra-instant/reads/ByRun/sra/ERR/ERR159/ERR159989/ERR159989.sra,ERX135920,100083042555500000315005305271122,WGS,RANDOM,GENOMIC,SINGLE,0,0,PACBIO_SMRT,PacBio RS,ERP001163,PRJEB2848,0,204573,ERS088717,SAMEA1485530,663951,Staphylococcus aureus subsp. aureus TW20,Staphylococcus aureus,,,,,,,no,,,,,SC,ERA148122,,public,CBEA78710480BA624BF8247B1B4DDF9C,1D2B3FB9EFEE994158F91A2FD7DF53BD
ERR159990,2012-08-28 23:12:06,2012-08-28 23:12:06,81741,140233036,0,1715,610,,ftp://ftp-trace.ncbi.nlm.nih.gov/sra/sra-instant/reads/ByRun/sra/ERR/ERR159/ERR159990/ERR159990.sra,ERX135920,100083042555500000315005305271122,WGS,RANDOM,GENOMIC,SINGLE,0,0,PACBIO_SMRT,PacBio RS,ERP001163,PRJEB2848,0,204573,ERS088717,SAMEA1485530,663951,Staphylococcus aureus subsp. aureus TW20,Staphylococcus aureus,,,,,,,no,,,,,SC,ERA148122,,public,137CDBB68E9A262779C5FA7F06D98823,8A1213134941D85B36BBD2FB25549A8F
ERR159991,2012-08-28 23:12:06,2012-08-28 23:12:06,81741,216492507,0,2648,917,,ftp://ftp-trace.ncbi.nlm.nih.gov/sra/sra-instant/reads/ByRun/sra/ERR/ERR159/ERR159991/ERR159991.sra,ERX135921,100083042555500000315005305271123,WGS,RANDOM,GENOMIC,SINGLE,0,0,PACBIO_SMRT,PacBio RS,ERP001163,PRJEB2848,0,204573,ERS088717,SAMEA1485530,663951,Staphylococcus aureus subsp. aureus TW20,Staphylococcus aureus,,,,,,,no,,,,,SC,ERA148122,,public,6A799A15F74487F841A8C6C7E4DD0F5D,9B2896DFD5A93D4D9CC917A2EEE08641
ERR159992,2012-08-28 23:12:06,2012-08-28 23:12:06,81741,132052795,0,1615,577,,ftp://ftp-trace.ncbi.nlm.nih.gov/sra/sra-instant/reads/ByRun/sra/ERR/ERR159/ERR159992/ERR159992.sra,ERX135921,100083042555500000315005305271123,WGS,RANDOM,GENOMIC,SINGLE,0,0,PACBIO_SMRT,PacBio RS,ERP001163,PRJEB2848,0,204573,ERS088717,SAMEA1485530,663951,Staphylococcus aureus subsp. aureus TW20,Staphylococcus aureus,,,,,,,no,,,,,SC,ERA148122,,public,B88D077ACB1D7DF3A836AC914839F607,93CA36C50D906FDBE0916886ABA04687
ERR159993,2012-08-28 23:12:06,2012-08-28 23:12:06,81741,225166014,0,2754,950,,ftp://ftp-trace.ncbi.nlm.nih.gov/sra/sra-instant/reads/ByRun/sra/ERR/ERR159/ERR159993/ERR159993.sra,ERX135922,100083042555500000315005305271124,WGS,RANDOM,GENOMIC,SINGLE,0,0,PACBIO_SMRT,PacBio RS,ERP001163,PRJEB2848,0,204573,ERS088717,SAMEA1485530,663951,Staphylococcus aureus subsp. aureus TW20,Staphylococcus aureus,,,,,,,no,,,,,SC,ERA148122,,public,82CC59684914B3E7E7835F940DD80674,D40C5CFD446EA68B22951EE5BF6AF4DF
ERR159994,2012-08-28 23:12:06,2012-08-28 23:12:06,81741,134825542,0,1649,588,,ftp://ftp-trace.ncbi.nlm.nih.gov/sra/sra-instant/reads/ByRun/sra/ERR/ERR159/ERR159994/ERR159994.sra,ERX135922,100083042555500000315005305271124,WGS,RANDOM,GENOMIC,SINGLE,0,0,PACBIO_SMRT,PacBio RS,ERP001163,PRJEB2848,0,204573,ERS088717,SAMEA1485530,663951,Staphylococcus aureus subsp. aureus TW20,Staphylococcus aureus,,,,,,,no,,,,,SC,ERA148122,,public,6C073E2E11E7CB8EF1446C77BB3C3C24,25DFE98CF4E0ED2C905AEFAD1C38200A
ERR159995,2012-08-28 23:12:06,2012-08-28 23:12:06,81741,235414899,0,2880,992,,ftp://ftp-trace.ncbi.nlm.nih.gov/sra/sra-instant/reads/ByRun/sra/ERR/ERR159/ERR159995/ERR159995.sra,ERX135923,100083042555500000315005305271125,WGS,RANDOM,GENOMIC,SINGLE,0,0,PACBIO_SMRT,PacBio RS,ERP001163,PRJEB2848,0,204573,ERS088717,SAMEA1485530,663951,Staphylococcus aureus subsp. aureus TW20,Staphylococcus aureus,,,,,,,no,,,,,SC,ERA148122,,public,DC812E3CFC2620FB195CF23977EB5ABD,54B1D8841F38ED5DB075C25868150F5B
ERR159996,2012-08-28 23:12:06,2012-08-28 23:12:06,81741,139541807,0,1707,608,,ftp://ftp-trace.ncbi.nlm.nih.gov/sra/sra-instant/reads/ByRun/sra/ERR/ERR159/ERR159996/ERR159996.sra,ERX135923,100083042555500000315005305271125,WGS,RANDOM,GENOMIC,SINGLE,0,0,PACBIO_SMRT,PacBio RS,ERP001163,PRJEB2848,0,204573,ERS088717,SAMEA1485530,663951,Staphylococcus aureus subsp. aureus TW20,Staphylococcus aureus,,,,,,,no,,,,,SC,ERA148122,,public,14E879ADB75116C47272A4645034FBF2,11D5AC9AD84298764A70692BD09AB61B
ERR159997,2012-08-28 23:12:06,2012-08-28 23:12:06,81741,263725108,0,3226,1104,,ftp://ftp-trace.ncbi.nlm.nih.gov/sra/sra-instant/reads/ByRun/sra/ERR/ERR159/ERR159997/ERR159997.sra,ERX135924,100083042555500000315005305271126,WGS,RANDOM,GENOMIC,SINGLE,0,0,PACBIO_SMRT,PacBio RS,ERP001163,PRJEB2848,0,204573,ERS088717,SAMEA1485530,663951,Staphylococcus aureus subsp. aureus TW20,Staphylococcus aureus,,,,,,,no,,,,,SC,ERA148122,,public,D6E955468E55F61242C9A04AC9352AC6,A01598FA0A0D8AD84A8A6DD49AEBE13C
ERR159998,2012-08-28 23:12:06,2012-08-28 23:12:06,81741,151752653,0,1856,655,,ftp://ftp-trace.ncbi.nlm.nih.gov/sra/sra-instant/reads/ByRun/sra/ERR/ERR159/ERR159998/ERR159998.sra,ERX135924,100083042555500000315005305271126,WGS,RANDOM,GENOMIC,SINGLE,0,0,PACBIO_SMRT,PacBio RS,ERP001163,PRJEB2848,0,204573,ERS088717,SAMEA1485530,663951,Staphylococcus aureus subsp. aureus TW20,Staphylococcus aureus,,,,,,,no,,,,,SC,ERA148122,,public,719725E3C441521F43FD5055B55D95AB,57011C476CAF8FD7ABBA8E99B30059BD
ERR159999,2012-08-28 23:12:06,2012-08-28 23:12:06,81741,259830041,0,3178,1088,,ftp://ftp-trace.ncbi.nlm.nih.gov/sra/sra-instant/reads/ByRun/sra/ERR/ERR159/ERR159999/ERR159999.sra,ERX135925,100083042555500000315005305271127,WGS,RANDOM,GENOMIC,SINGLE,0,0,PACBIO_SMRT,PacBio RS,ERP001163,PRJEB2848,0,204573,ERS088717,SAMEA1485530,663951,Staphylococcus aureus subsp. aureus TW20,Staphylococcus aureus,,,,,,,no,,,,,SC,ERA148122,,public,E679BE80C708DC4E675547F73B6987EA,C5C15A4AC05C728F51F3701A38DCB28C
ERR160000,2012-08-28 23:12:06,2012-08-28 23:12:06,81741,150866679,0,1845,650,,ftp://ftp-trace.ncbi.nlm.nih.gov/sra/sra-instant/reads/ByRun/sra/ERR/ERR160/ERR160000/ERR160000.sra,ERX135925,100083042555500000315005305271127,WGS,RANDOM,GENOMIC,SINGLE,0,0,PACBIO_SMRT,PacBio RS,ERP001163,PRJEB2848,0,204573,ERS088717,SAMEA1485530,663951,Staphylococcus aureus subsp. aureus TW20,Staphylococcus aureus,,,,,,,no,,,,,SC,ERA148122,,public,8D88AF7A6DD601D40718386BE34EDE8F,344E852373669D16268E94DE7040F98B
ERR160063,2012-08-28 23:12:12,2012-08-28 23:12:12,81741,253782128,0,3104,1064,,ftp://ftp-trace.ncbi.nlm.nih.gov/sra/sra-instant/reads/ByRun/sra/ERR/ERR160/ERR160063/ERR160063.sra,ERX135957,100094542555500000315006506081120,WGS,RANDOM,GENOMIC,SINGLE,0,0,PACBIO_SMRT,PacBio RS,ERP001163,PRJEB2848,0,204573,ERS088717,SAMEA1485530,663951,Staphylococcus aureus subsp. aureus TW20,Staphylococcus aureus,,,,,,,no,,,,,SC,ERA148122,,public,631DEE55E6BEBA3CC3E1802EA8B2FDD6,FC9EEA4F918904C9590BE867E31EAE6C
ERR160064,2012-08-28 23:12:12,2012-08-28 23:12:12,81741,184142187,0,2252,787,,ftp://ftp-trace.ncbi.nlm.nih.gov/sra/sra-instant/reads/ByRun/sra/ERR/ERR160/ERR160064/ERR160064.sra,ERX135957,100094542555500000315006506081120,WGS,RANDOM,GENOMIC,SINGLE,0,0,PACBIO_SMRT,PacBio RS,ERP001163,PRJEB2848,0,204573,ERS088717,SAMEA1485530,663951,Staphylococcus aureus subsp. aureus TW20,Staphylococcus aureus,,,,,,,no,,,,,SC,ERA148122,,public,988BAAD8F306E3E03E17FBDD7A6DF264,4091C6CD4032F056DB1E3BDBB13D4C73
ERR160065,2012-08-28 23:12:12,2012-08-28 23:12:12,81741,242742023,0,2969,1024,,ftp://ftp-trace.ncbi.nlm.nih.gov/sra/sra-instant/reads/ByRun/sra/ERR/ERR160/ERR160065/ERR160065.sra,ERX135958,100094542555500000315006506081121,WGS,RANDOM,GENOMIC,SINGLE,0,0,PACBIO_SMRT,PacBio RS,ERP001163,PRJEB2848,0,204573,ERS088717,SAMEA1485530,663951,Staphylococcus aureus subsp. aureus TW20,Staphylococcus aureus,,,,,,,no,,,,,SC,ERA148122,,public,58D136FC225631F731C328BC3816E3A4,FA97D38D0EE9D906A4B441ADC80D5B1C
ERR160066,2012-08-28 23:12:12,2012-08-28 23:12:12,81741,167625386,0,2050,724,,ftp://ftp-trace.ncbi.nlm.nih.gov/sra/sra-instant/reads/ByRun/sra/ERR/ERR160/ERR160066/ERR160066.sra,ERX135958,100094542555500000315006506081121,WGS,RANDOM,GENOMIC,SINGLE,0,0,PACBIO_SMRT,PacBio RS,ERP001163,PRJEB2848,0,204573,ERS088717,SAMEA1485530,663951,Staphylococcus aureus subsp. aureus TW20,Staphylococcus aureus,,,,,,,no,,,,,SC,ERA148122,,public,4BD8E2B634E1CBA600C9997D4D388B2D,1A8C5FA96B5423E637CD0C44C72A6F07
ERR161537,2012-08-28 23:13:30,2012-08-28 23:13:30,2716711,416367980,0,153,976,,ftp://ftp-trace.ncbi.nlm.nih.gov/sra/sra-instant/reads/ByRun/sra/ERR/ERR161/ERR161537/ERR161537.sra,ERX137387,staph100nglib,WGS,RANDOM,GENOMIC,SINGLE,0,0,ION_TORRENT,Ion Torrent PGM,ERP001163,PRJEB2848,0,204573,ERS088717,SAMEA1485530,663951,Staphylococcus aureus subsp. aureus TW20,Staphylococcus aureus,,,,,,,no,,,,,SC,ERA148760,,public,E3CA9FA0652DA64AB43C65B3328757A7,E86A63186521FF901DF97D24622287A9
ERR316404,2013-08-09 19:08:29,2013-08-09 19:08:29,694281,105530712,694281,152,40,assembly,ftp://ftp-trace.ncbi.nlm.nih.gov/sra/sra-instant/reads/ByRun/sra/ERR/ERR316/ERR316404/ERR316404.sra,ERX289552,1369733,WGS,RANDOM,GENOMIC,PAIRED,450,0,ILLUMINA,Illumina Genome Analyzer II,ERP001163,PRJEB2848,0,204573,ERS088717,SAMEA1485530,663951,Staphylococcus aureus subsp. aureus TW20,Staphylococcus aureus,,,,,,,no,,,,,SC,ERA242156,,public,60821B7D820EC32C5A22C009736AE917,383DB708B67DE17738D70F04871AB3E4
